OrderID,OrderDate,CustomerID,ProductID,StoreID,Quantity,TotalSales,PaymentMethod,SalesChannel
O00001,2025-07-21,C0048,P023,S004,2,1624.44,Transfer,Online
O00002,2025-12-20,C0129,P020,S015,4,4513.68,Transfer,In-Store
O00003,2025-08-29,C0126,P011,S015,3,2898.21,Cash,In-Store
O00004,2025-08-04,C0119,P013,S009,2,474.58,Transfer,Online
O00005,2025-05-19,C0016,P008,S002,2,2371.54,Cash,In-Store
O00006,2025-10-01,C0180,P024,S006,5,6209.6,Card,Online
O00007,2025-12-25,C0198,P012,S015,3,5080.17,Cash,Online
O00008,2025-07-26,C0198,P025,S008,2,1242.54,Transfer,Online
O00009,2025-05-04,C0153,P006,S003,7,7024.43,Card,In-Store
O00010,2025-11-29,C0044,P003,S002,6,12250.2,Transfer,In-Store
O00011,2025-08-15,C0040,P025,S011,1,621.27,Transfer,Online
O00012,2025-09-29,C0014,P022,S001,8,4094.96,Card,In-Store
O00013,2025-05-30,C0155,P024,S010,6,7451.52,Transfer,Online
O00014,2025-02-05,C0186,P015,S006,6,1016.16,Card,In-Store
O00015,2025-05-10,C0090,P021,S012,2,3455.02,Transfer,In-Store
O00016,2025-03-27,C0119,P011,S007,7,6762.49,Card,Online
O00017,2025-01-02,C0143,P005,S010,3,3292.08,Card,In-Store
O00018,2025-04-07,C0069,P014,S003,6,2751.18,Transfer,Online
O00019,2025-10-17,C0014,P002,S013,3,3598.32,Transfer,Online
O00020,2025-08-25,C0148,P002,S005,6,7196.64,Card,In-Store
O00021,2025-12-01,C0066,P028,S002,4,9231.6,Card,Online
O00022,2025-08-15,C0019,P021,S012,4,6910.04,Transfer,Online
O00023,2025-01-26,C0160,P019,S005,5,2413.0,Transfer,In-Store
O00024,2025-11-04,C0185,P022,S006,8,4094.96,Transfer,Online
O00025,2025-05-25,C0086,P012,S008,8,13547.12,Transfer,In-Store
O00026,2025-10-26,C0001,P030,S006,5,6239.4,Transfer,In-Store
O00027,2025-07-18,C0047,P030,S014,4,4991.52,Card,In-Store
O00028,2025-02-27,C0071,P022,S002,6,3071.22,Cash,Online
O00029,2025-04-01,C0066,P028,S007,4,9231.6,Transfer,Online
O00030,2025-11-24,C0002,P025,S009,5,3106.35,Cash,In-Store
O00031,2025-03-27,C0050,P019,S015,2,965.2,Card,Online
O00032,2025-01-29,C0122,P011,S004,8,7728.56,Transfer,In-Store
O00033,2025-09-18,C0035,P019,S001,5,2413.0,Cash,Online
O00034,2025-10-23,C0128,P005,S011,5,5486.8,Card,Online
O00035,2025-12-01,C0043,P013,S003,7,1661.03,Transfer,Online
O00036,2025-11-08,C0111,P016,S015,7,11704.7,Transfer,Online
O00037,2025-07-27,C0150,P001,S003,5,5589.55,Cash,In-Store
O00038,2025-07-04,C0061,P013,S006,4,949.16,Transfer,Online
O00039,2025-03-17,C0147,P028,S014,1,2307.9,Cash,Online
O00040,2025-09-08,C0070,P007,S004,2,1005.4,Card,Online
O00041,2025-11-17,C0116,P027,S006,1,1164.3,Cash,Online
O00042,2025-12-21,C0147,P020,S014,4,4513.68,Card,Online
O00043,2025-07-16,C0040,P010,S014,8,5202.24,Cash,Online
O00044,2025-09-11,C0020,P016,S005,3,5016.3,Transfer,In-Store
O00045,2025-09-02,C0195,P010,S015,1,650.28,Card,Online
O00046,2025-09-27,C0018,P012,S002,6,10160.34,Card,Online
O00047,2025-03-07,C0175,P004,S009,3,2619.63,Cash,Online
O00048,2025-02-09,C0108,P022,S015,1,511.87,Card,Online
O00049,2025-07-17,C0095,P014,S006,5,2292.65,Card,In-Store
O00050,2025-08-27,C0143,P001,S009,1,1117.91,Cash,Online
O00051,2025-05-18,C0139,P013,S012,6,1423.74,Transfer,Online
O00052,2025-06-09,C0084,P002,S010,8,9595.52,Card,Online
O00053,2025-02-18,C0089,P006,S015,8,8027.92,Transfer,In-Store
O00054,2025-01-04,C0081,P008,S001,5,5928.85,Transfer,In-Store
O00055,2025-01-28,C0191,P004,S012,6,5239.26,Cash,Online
O00056,2025-11-08,C0059,P009,S006,1,1564.25,Card,In-Store
O00057,2025-11-16,C0169,P030,S012,7,8735.16,Card,In-Store
O00058,2025-05-31,C0002,P024,S015,3,3725.76,Cash,In-Store
O00059,2025-08-01,C0161,P012,S014,5,8466.95,Transfer,Online
O00060,2025-10-02,C0037,P015,S004,7,1185.52,Card,In-Store
O00061,2025-01-11,C0151,P008,S011,7,8300.39,Cash,Online
O00062,2025-03-23,C0197,P013,S012,4,949.16,Cash,Online
O00063,2025-12-04,C0096,P012,S002,3,5080.17,Transfer,Online
O00064,2025-05-01,C0020,P021,S001,7,12092.57,Transfer,Online
O00065,2025-05-14,C0172,P018,S007,8,3537.44,Cash,Online
O00066,2025-10-19,C0027,P018,S014,4,1768.72,Transfer,Online
O00067,2025-11-27,C0196,P027,S015,7,8150.1,Card,Online
O00068,2026-01-01,C0155,P011,S002,5,4830.35,Cash,Online
O00069,2025-05-31,C0033,P015,S008,6,1016.16,Cash,In-Store
O00070,2025-05-11,C0112,P002,S003,7,8396.08,Cash,In-Store
O00071,2025-12-07,C0037,P029,S010,5,6756.8,Transfer,In-Store
O00072,2025-12-30,C0053,P029,S008,7,9459.52,Cash,In-Store
O00073,2025-03-15,C0041,P002,S007,2,2398.88,Transfer,Online
O00074,2025-01-30,C0057,P009,S002,1,1564.25,Transfer,In-Store
O00075,2025-02-20,C0168,P013,S009,1,237.29,Cash,In-Store
O00076,2025-08-05,C0013,P010,S014,4,2601.12,Card,In-Store
O00077,2025-01-11,C0158,P015,S009,7,1185.52,Transfer,Online
O00078,2025-02-06,C0042,P030,S011,4,4991.52,Cash,Online
O00079,2025-05-09,C0070,P020,S013,6,6770.52,Transfer,In-Store
O00080,2025-10-23,C0013,P021,S011,3,5182.53,Cash,In-Store
O00081,2025-12-12,C0125,P009,S007,7,10949.75,Card,In-Store
O00082,2025-06-12,C0083,P014,S014,4,1834.12,Transfer,In-Store
O00083,2025-08-26,C0006,P002,S013,8,9595.52,Cash,Online
O00084,2025-09-01,C0194,P015,S004,1,169.36,Transfer,Online
O00085,2025-10-05,C0062,P003,S012,2,4083.4,Transfer,Online
O00086,2025-11-09,C0055,P018,S010,6,2653.08,Cash,Online
O00087,2025-12-29,C0120,P017,S004,3,3030.87,Transfer,In-Store
O00088,2025-09-11,C0019,P021,S013,4,6910.04,Cash,Online
O00089,2025-03-10,C0167,P006,S013,3,3010.47,Transfer,Online
O00090,2025-02-18,C0119,P003,S001,2,4083.4,Cash,Online
O00091,2025-02-09,C0123,P004,S014,8,6985.68,Transfer,Online
O00092,2025-04-13,C0196,P024,S014,2,2483.84,Cash,In-Store
O00093,2025-04-07,C0136,P006,S005,6,6020.94,Transfer,Online
O00094,2025-08-28,C0052,P014,S009,8,3668.24,Transfer,In-Store
O00095,2025-06-26,C0115,P022,S013,1,511.87,Cash,In-Store
O00096,2025-07-30,C0066,P017,S002,7,7072.03,Card,In-Store
O00097,2025-03-14,C0077,P003,S003,6,12250.2,Cash,Online
O00098,2025-05-04,C0163,P013,S005,3,711.87,Cash,In-Store
O00099,2025-07-23,C0066,P027,S013,7,8150.1,Transfer,Online
O00100,2025-12-30,C0182,P024,S005,6,7451.52,Card,Online
O00101,2025-04-27,C0003,P021,S015,5,8637.55,Card,Online
O00102,2025-04-08,C0053,P001,S014,3,3353.73,Cash,Online
O00103,2025-06-29,C0068,P009,S008,2,3128.5,Cash,In-Store
O00104,2025-07-29,C0083,P022,S002,7,3583.09,Card,In-Store
O00105,2025-07-02,C0182,P019,S014,1,482.6,Card,Online
O00106,2025-08-11,C0154,P017,S014,2,2020.58,Transfer,Online
O00107,2025-10-20,C0112,P020,S002,8,9027.36,Cash,In-Store
O00108,2025-03-13,C0020,P026,S005,2,4501.12,Transfer,In-Store
O00109,2025-12-09,C0078,P012,S014,4,6773.56,Cash,In-Store
O00110,2025-07-14,C0086,P014,S013,4,1834.12,Cash,In-Store
O00111,2025-06-17,C0031,P004,S008,8,6985.68,Card,Online
O00112,2025-11-24,C0011,P019,S001,8,3860.8,Card,In-Store
O00113,2025-07-20,C0067,P024,S003,3,3725.76,Card,Online
O00114,2025-10-06,C0147,P028,S006,8,18463.2,Transfer,In-Store
O00115,2025-03-20,C0004,P016,S010,5,8360.5,Transfer,In-Store
O00116,2025-02-07,C0156,P006,S004,3,3010.47,Cash,Online
O00117,2025-06-25,C0085,P016,S006,8,13376.8,Cash,In-Store
O00118,2025-12-17,C0042,P023,S012,2,1624.44,Transfer,Online
O00119,2025-02-15,C0134,P027,S011,5,5821.5,Card,In-Store
O00120,2025-02-13,C0094,P019,S003,8,3860.8,Transfer,In-Store
O00121,2025-02-03,C0068,P024,S008,7,8693.44,Cash,In-Store
O00122,2025-11-27,C0114,P016,S006,7,11704.7,Cash,In-Store
O00123,2025-04-22,C0059,P020,S014,1,1128.42,Card,Online
O00124,2025-10-31,C0025,P019,S001,4,1930.4,Card,In-Store
O00125,2025-08-04,C0184,P014,S001,8,3668.24,Cash,Online
O00126,2025-01-15,C0072,P025,S015,7,4348.89,Transfer,Online
O00127,2025-09-25,C0110,P023,S007,3,2436.66,Transfer,Online
O00128,2025-07-31,C0132,P023,S004,6,4873.32,Transfer,In-Store
O00129,2025-09-23,C0139,P021,S008,3,5182.53,Cash,Online
O00130,2025-01-29,C0011,P004,S004,1,873.21,Card,In-Store
O00131,2025-11-11,C0188,P019,S005,8,3860.8,Transfer,In-Store
O00132,2025-06-12,C0199,P019,S002,3,1447.8,Card,In-Store
O00133,2025-05-01,C0109,P015,S007,8,1354.88,Card,In-Store
O00134,2025-03-10,C0142,P029,S003,3,4054.08,Cash,In-Store
O00135,2025-11-15,C0011,P008,S001,3,3557.31,Cash,In-Store
O00136,2025-11-06,C0116,P004,S003,1,873.21,Transfer,In-Store
O00137,2025-10-07,C0009,P027,S002,1,1164.3,Transfer,Online
O00138,2025-02-08,C0173,P008,S007,6,7114.62,Transfer,In-Store
O00139,2025-07-12,C0053,P004,S013,8,6985.68,Transfer,In-Store
O00140,2025-10-30,C0132,P015,S014,7,1185.52,Transfer,In-Store
O00141,2025-06-23,C0160,P016,S014,6,10032.6,Transfer,In-Store
O00142,2025-04-22,C0140,P030,S011,2,2495.76,Cash,In-Store
O00143,2025-06-09,C0034,P030,S015,2,2495.76,Card,Online
O00144,2025-07-14,C0036,P014,S015,8,3668.24,Transfer,Online
O00145,2025-03-22,C0126,P014,S015,4,1834.12,Transfer,Online
O00146,2025-12-12,C0041,P021,S004,7,12092.57,Transfer,In-Store
O00147,2025-03-21,C0102,P024,S014,5,6209.6,Card,In-Store
O00148,2025-07-20,C0105,P015,S013,1,169.36,Transfer,Online
O00149,2025-01-13,C0018,P013,S013,2,474.58,Card,In-Store
O00150,2025-01-11,C0022,P018,S003,7,3095.26,Transfer,In-Store
O00151,2025-03-16,C0043,P017,S013,8,8082.32,Transfer,In-Store
O00152,2025-09-05,C0154,P015,S015,2,338.72,Cash,In-Store
O00153,2025-08-22,C0122,P012,S009,8,13547.12,Transfer,Online
O00154,2025-03-13,C0136,P008,S002,8,9486.16,Transfer,Online
O00155,2025-06-07,C0115,P016,S003,5,8360.5,Card,In-Store
O00156,2025-05-19,C0128,P021,S005,3,5182.53,Cash,In-Store
O00157,2025-02-26,C0019,P011,S005,7,6762.49,Card,Online
O00158,2025-06-26,C0196,P026,S014,4,9002.24,Cash,Online
O00159,2025-12-15,C0141,P018,S008,2,884.36,Card,Online
O00160,2025-10-15,C0166,P017,S005,3,3030.87,Card,Online
O00161,2025-06-03,C0182,P007,S015,6,3016.2,Transfer,In-Store
O00162,2025-10-20,C0077,P007,S001,7,3518.9,Transfer,Online
O00163,2025-11-12,C0101,P030,S012,1,1247.88,Cash,Online
O00164,2025-02-17,C0085,P025,S005,1,621.27,Transfer,Online
O00165,2025-01-20,C0102,P014,S013,1,458.53,Cash,Online
O00166,2025-08-29,C0086,P004,S009,5,4366.05,Transfer,Online
O00167,2025-11-06,C0107,P009,S007,2,3128.5,Transfer,Online
O00168,2025-11-21,C0178,P005,S010,3,3292.08,Cash,Online
O00169,2025-09-10,C0100,P020,S012,2,2256.84,Card,In-Store
O00170,2025-11-17,C0148,P003,S010,7,14291.9,Cash,In-Store
O00171,2025-05-05,C0083,P030,S012,2,2495.76,Cash,In-Store
O00172,2025-01-07,C0130,P026,S012,8,18004.48,Transfer,In-Store
O00173,2025-08-08,C0062,P023,S011,4,3248.88,Transfer,In-Store
O00174,2025-12-28,C0099,P008,S010,4,4743.08,Transfer,In-Store
O00175,2025-10-16,C0016,P015,S011,8,1354.88,Transfer,In-Store
O00176,2025-02-23,C0169,P019,S005,5,2413.0,Transfer,In-Store
O00177,2025-09-04,C0098,P024,S007,8,9935.36,Card,In-Store
O00178,2025-12-14,C0064,P001,S005,3,3353.73,Cash,In-Store
O00179,2025-06-25,C0105,P004,S010,8,6985.68,Transfer,In-Store
O00180,2025-07-25,C0014,P015,S005,2,338.72,Cash,In-Store
O00181,2025-06-29,C0060,P020,S008,4,4513.68,Cash,Online
O00182,2025-04-08,C0069,P001,S010,1,1117.91,Card,In-Store
O00183,2025-07-14,C0085,P029,S011,5,6756.8,Cash,Online
O00184,2025-06-15,C0070,P011,S008,5,4830.35,Card,In-Store
O00185,2025-01-31,C0103,P002,S006,8,9595.52,Transfer,Online
O00186,2025-05-29,C0066,P010,S007,1,650.28,Card,Online
O00187,2025-09-24,C0143,P023,S010,8,6497.76,Cash,In-Store
O00188,2025-05-22,C0194,P011,S010,7,6762.49,Card,Online
O00189,2025-10-03,C0098,P002,S012,8,9595.52,Card,Online
O00190,2025-08-30,C0042,P006,S012,3,3010.47,Cash,In-Store
O00191,2025-02-27,C0057,P015,S015,6,1016.16,Cash,Online
O00192,2025-05-18,C0169,P025,S008,4,2485.08,Transfer,In-Store
O00193,2025-07-30,C0024,P016,S003,3,5016.3,Card,In-Store
O00194,2025-06-04,C0086,P028,S003,6,13847.4,Cash,Online
O00195,2025-06-07,C0110,P018,S015,5,2210.9,Transfer,Online
O00196,2025-09-04,C0166,P012,S004,3,5080.17,Cash,In-Store
O00197,2025-09-18,C0149,P017,S012,1,1010.29,Transfer,Online
O00198,2025-05-31,C0184,P027,S011,6,6985.8,Cash,In-Store
O00199,2025-05-23,C0045,P016,S011,7,11704.7,Card,Online
O00200,2025-11-23,C0016,P010,S002,1,650.28,Transfer,In-Store
O00201,2025-06-19,C0186,P006,S011,5,5017.45,Cash,Online
O00202,2025-10-19,C0178,P014,S006,7,3209.71,Transfer,In-Store
O00203,2025-07-10,C0187,P006,S015,3,3010.47,Card,Online
O00204,2025-12-24,C0141,P020,S014,5,5642.1,Card,Online
O00205,2025-06-26,C0196,P025,S011,3,1863.81,Transfer,In-Store
O00206,2025-07-16,C0112,P016,S005,1,1672.1,Card,In-Store
O00207,2025-10-27,C0148,P026,S012,6,13503.36,Transfer,Online
O00208,2025-12-31,C0099,P019,S006,3,1447.8,Cash,Online
O00209,2025-10-16,C0159,P022,S004,6,3071.22,Card,In-Store
O00210,2025-02-08,C0093,P029,S008,2,2702.72,Cash,In-Store
O00211,2025-12-02,C0166,P027,S014,4,4657.2,Transfer,Online
O00212,2025-08-06,C0048,P006,S009,6,6020.94,Transfer,In-Store
O00213,2025-03-26,C0066,P014,S002,8,3668.24,Card,Online
O00214,2025-05-15,C0180,P012,S006,7,11853.73,Card,Online
O00215,2025-05-08,C0004,P030,S007,3,3743.64,Cash,In-Store
O00216,2025-01-11,C0115,P019,S013,7,3378.2,Card,In-Store
O00217,2025-09-29,C0111,P023,S009,6,4873.32,Transfer,In-Store
O00218,2025-04-19,C0141,P030,S012,5,6239.4,Card,Online
O00219,2025-01-19,C0172,P003,S013,4,8166.8,Cash,Online
O00220,2025-10-25,C0144,P015,S002,2,338.72,Card,In-Store
O00221,2025-10-09,C0200,P024,S008,3,3725.76,Cash,Online
O00222,2025-10-26,C0057,P001,S004,1,1117.91,Transfer,In-Store
O00223,2025-12-24,C0093,P017,S012,1,1010.29,Cash,In-Store
O00224,2025-07-04,C0063,P020,S014,2,2256.84,Cash,Online
O00225,2025-01-10,C0118,P023,S013,7,5685.54,Transfer,Online
O00226,2025-06-11,C0013,P028,S014,5,11539.5,Transfer,Online
O00227,2025-08-26,C0130,P003,S006,7,14291.9,Cash,In-Store
O00228,2025-02-16,C0119,P029,S009,8,10810.88,Cash,In-Store
O00229,2025-12-05,C0010,P002,S001,1,1199.44,Card,In-Store
O00230,2025-10-16,C0142,P029,S008,4,5405.44,Cash,In-Store
O00231,2025-06-06,C0038,P028,S012,3,6923.7,Card,Online
O00232,2025-07-23,C0028,P016,S011,8,13376.8,Cash,Online
O00233,2025-04-05,C0129,P025,S009,7,4348.89,Card,Online
O00234,2025-05-22,C0156,P022,S005,8,4094.96,Cash,In-Store
O00235,2025-07-08,C0140,P012,S012,4,6773.56,Transfer,Online
O00236,2025-09-11,C0194,P023,S003,4,3248.88,Transfer,Online
O00237,2025-11-29,C0056,P014,S014,7,3209.71,Cash,Online
O00238,2025-05-08,C0058,P014,S007,2,917.06,Cash,In-Store
O00239,2025-09-15,C0060,P015,S015,1,169.36,Transfer,In-Store
O00240,2025-09-12,C0045,P029,S003,2,2702.72,Cash,Online
O00241,2025-02-27,C0138,P030,S013,5,6239.4,Cash,In-Store
O00242,2025-03-23,C0149,P020,S006,2,2256.84,Transfer,Online
O00243,2025-03-12,C0155,P029,S004,3,4054.08,Transfer,In-Store
O00244,2025-08-30,C0101,P008,S014,7,8300.39,Transfer,In-Store
O00245,2025-01-25,C0127,P005,S006,6,6584.16,Cash,Online
O00246,2025-07-14,C0011,P004,S009,4,3492.84,Card,In-Store
O00247,2025-06-10,C0109,P017,S001,2,2020.58,Cash,In-Store
O00248,2025-01-05,C0054,P003,S001,5,10208.5,Cash,In-Store
O00249,2025-01-06,C0049,P015,S004,4,677.44,Cash,Online
O00250,2025-05-21,C0130,P016,S012,5,8360.5,Cash,Online
O00251,2025-07-13,C0036,P002,S001,2,2398.88,Card,In-Store
O00252,2025-02-11,C0071,P011,S010,2,1932.14,Cash,Online
O00253,2025-10-20,C0173,P013,S009,6,1423.74,Cash,In-Store
O00254,2025-08-16,C0177,P017,S007,7,7072.03,Cash,Online
O00255,2025-11-25,C0055,P028,S010,3,6923.7,Transfer,Online
O00256,2025-02-07,C0113,P026,S006,6,13503.36,Cash,In-Store
O00257,2025-10-01,C0162,P016,S007,5,8360.5,Transfer,Online
O00258,2025-06-05,C0167,P018,S001,1,442.18,Transfer,In-Store
O00259,2025-08-09,C0118,P019,S015,2,965.2,Card,Online
O00260,2025-07-23,C0004,P020,S013,6,6770.52,Cash,Online
O00261,2025-03-29,C0146,P005,S004,5,5486.8,Card,Online
O00262,2025-09-30,C0163,P023,S006,2,1624.44,Card,In-Store
O00263,2025-02-18,C0094,P028,S010,4,9231.6,Card,In-Store
O00264,2025-05-23,C0154,P015,S003,7,1185.52,Transfer,In-Store
O00265,2025-11-25,C0065,P023,S007,3,2436.66,Card,In-Store
O00266,2025-09-14,C0027,P021,S002,4,6910.04,Transfer,Online
O00267,2025-03-22,C0045,P027,S004,3,3492.9,Cash,In-Store
O00268,2025-09-12,C0084,P029,S007,5,6756.8,Transfer,In-Store
O00269,2025-03-13,C0155,P015,S003,6,1016.16,Transfer,Online
O00270,2025-08-09,C0132,P015,S008,5,846.8,Card,Online
O00271,2025-12-21,C0189,P009,S015,1,1564.25,Transfer,Online
O00272,2025-07-23,C0072,P006,S011,1,1003.49,Cash,Online
O00273,2025-04-09,C0078,P004,S013,4,3492.84,Transfer,In-Store
O00274,2025-08-17,C0140,P008,S007,4,4743.08,Transfer,In-Store
O00275,2025-08-23,C0063,P029,S001,7,9459.52,Cash,In-Store
O00276,2025-11-11,C0070,P011,S003,3,2898.21,Card,In-Store
O00277,2025-07-05,C0153,P019,S013,2,965.2,Cash,In-Store
O00278,2025-10-15,C0035,P010,S002,7,4551.96,Card,In-Store
O00279,2025-09-29,C0172,P016,S007,6,10032.6,Cash,In-Store
O00280,2025-05-02,C0179,P003,S013,1,2041.7,Transfer,In-Store
O00281,2025-11-06,C0019,P024,S015,5,6209.6,Card,Online
O00282,2025-04-04,C0025,P007,S015,4,2010.8,Transfer,In-Store
O00283,2025-10-27,C0081,P003,S003,6,12250.2,Transfer,Online
O00284,2025-05-03,C0088,P008,S007,6,7114.62,Transfer,Online
O00285,2025-02-14,C0139,P009,S001,5,7821.25,Card,Online
O00286,2025-12-26,C0116,P017,S013,2,2020.58,Cash,In-Store
O00287,2025-05-10,C0061,P014,S014,5,2292.65,Transfer,Online
O00288,2025-12-19,C0085,P002,S013,7,8396.08,Card,In-Store
O00289,2025-07-27,C0151,P003,S003,8,16333.6,Card,In-Store
O00290,2025-09-09,C0149,P022,S012,4,2047.48,Transfer,Online
O00291,2025-01-04,C0186,P030,S010,7,8735.16,Cash,Online
O00292,2025-01-12,C0067,P008,S011,5,5928.85,Transfer,In-Store
O00293,2025-04-24,C0010,P014,S001,2,917.06,Card,In-Store
O00294,2025-01-26,C0161,P006,S004,1,1003.49,Cash,Online
O00295,2025-06-16,C0106,P027,S006,1,1164.3,Transfer,In-Store
O00296,2025-12-01,C0094,P011,S002,3,2898.21,Card,In-Store
O00297,2025-12-21,C0187,P013,S010,8,1898.32,Cash,Online
O00298,2025-12-16,C0029,P029,S005,8,10810.88,Transfer,Online
O00299,2025-05-05,C0194,P005,S007,7,7681.52,Cash,Online
O00300,2025-05-04,C0048,P017,S005,2,2020.58,Transfer,Online
O00301,2025-06-25,C0123,P027,S009,1,1164.3,Card,Online
O00302,2025-05-24,C0108,P016,S004,1,1672.1,Cash,In-Store
O00303,2025-07-01,C0165,P029,S009,8,10810.88,Card,Online
O00304,2025-04-14,C0108,P029,S004,2,2702.72,Transfer,Online
O00305,2025-03-26,C0152,P019,S010,8,3860.8,Card,Online
O00306,2025-11-23,C0020,P001,S015,7,7825.37,Card,Online
O00307,2025-04-14,C0037,P009,S012,6,9385.5,Cash,Online
O00308,2025-09-11,C0140,P030,S010,7,8735.16,Card,Online
O00309,2025-03-11,C0087,P013,S011,1,237.29,Card,Online
O00310,2025-03-27,C0070,P012,S012,3,5080.17,Cash,Online
O00311,2025-01-13,C0103,P013,S010,6,1423.74,Card,Online
O00312,2025-01-07,C0190,P023,S010,8,6497.76,Card,In-Store
O00313,2025-07-23,C0148,P013,S013,3,711.87,Transfer,Online
O00314,2025-07-28,C0063,P010,S001,4,2601.12,Transfer,Online
O00315,2025-09-14,C0030,P018,S008,4,1768.72,Cash,In-Store
O00316,2025-04-24,C0093,P019,S015,6,2895.6,Card,Online
O00317,2025-08-14,C0161,P025,S011,2,1242.54,Cash,In-Store
O00318,2025-10-08,C0068,P026,S013,6,13503.36,Transfer,Online
O00319,2025-02-01,C0187,P014,S012,6,2751.18,Cash,Online
O00320,2025-09-14,C0096,P005,S009,3,3292.08,Card,Online
O00321,2025-06-04,C0053,P014,S001,4,1834.12,Transfer,Online
O00322,2025-08-16,C0032,P028,S008,2,4615.8,Cash,Online
O00323,2025-03-13,C0121,P023,S007,3,2436.66,Cash,Online
O00324,2025-05-01,C0043,P030,S013,3,3743.64,Transfer,In-Store
O00325,2025-11-19,C0029,P029,S013,7,9459.52,Card,In-Store
O00326,2025-12-31,C0093,P025,S013,3,1863.81,Card,In-Store
O00327,2025-08-09,C0176,P021,S014,2,3455.02,Transfer,In-Store
O00328,2025-11-21,C0110,P008,S010,4,4743.08,Cash,In-Store
O00329,2025-03-06,C0033,P010,S007,3,1950.84,Card,Online
O00330,2025-10-29,C0007,P003,S001,8,16333.6,Card,In-Store
O00331,2025-12-26,C0093,P030,S006,6,7487.28,Card,In-Store
O00332,2025-06-15,C0196,P024,S001,5,6209.6,Card,In-Store
O00333,2025-11-03,C0051,P027,S008,4,4657.2,Transfer,Online
O00334,2025-08-22,C0074,P007,S013,4,2010.8,Cash,Online
O00335,2025-10-17,C0165,P018,S007,6,2653.08,Transfer,In-Store
O00336,2025-01-03,C0163,P030,S013,7,8735.16,Cash,Online
O00337,2025-07-08,C0111,P022,S003,2,1023.74,Cash,Online
O00338,2025-03-03,C0197,P022,S015,4,2047.48,Cash,Online
O00339,2025-11-07,C0197,P027,S001,8,9314.4,Cash,In-Store
O00340,2025-08-24,C0122,P018,S012,8,3537.44,Transfer,In-Store
O00341,2025-09-30,C0127,P010,S001,3,1950.84,Transfer,Online
O00342,2025-05-30,C0145,P029,S011,4,5405.44,Cash,Online
O00343,2025-11-04,C0170,P026,S007,2,4501.12,Cash,Online
O00344,2025-03-19,C0054,P025,S002,8,4970.16,Cash,In-Store
O00345,2025-09-26,C0078,P021,S015,5,8637.55,Card,In-Store
O00346,2025-04-26,C0108,P010,S013,5,3251.4,Cash,Online
O00347,2025-05-13,C0157,P025,S015,7,4348.89,Transfer,In-Store
O00348,2025-01-14,C0026,P003,S008,1,2041.7,Cash,In-Store
O00349,2025-10-09,C0053,P002,S006,1,1199.44,Transfer,Online
O00350,2025-09-30,C0012,P022,S005,3,1535.61,Transfer,In-Store
O00351,2025-05-24,C0196,P007,S015,5,2513.5,Cash,Online
O00352,2025-07-05,C0044,P024,S003,6,7451.52,Cash,Online
O00353,2025-04-05,C0113,P009,S013,8,12514.0,Transfer,In-Store
O00354,2025-02-03,C0026,P018,S003,1,442.18,Transfer,In-Store
O00355,2025-05-19,C0170,P015,S014,4,677.44,Card,Online
O00356,2025-06-03,C0021,P014,S002,5,2292.65,Card,In-Store
O00357,2025-09-22,C0159,P025,S013,8,4970.16,Card,In-Store
O00358,2025-11-20,C0108,P009,S003,8,12514.0,Cash,In-Store
O00359,2025-09-06,C0060,P023,S010,7,5685.54,Transfer,In-Store
O00360,2025-08-09,C0135,P014,S011,4,1834.12,Card,In-Store
O00361,2025-01-10,C0192,P020,S011,8,9027.36,Card,In-Store
O00362,2025-04-25,C0060,P018,S012,6,2653.08,Cash,In-Store
O00363,2025-05-28,C0166,P024,S015,5,6209.6,Transfer,In-Store
O00364,2025-08-12,C0180,P006,S008,4,4013.96,Card,In-Store
O00365,2025-04-19,C0155,P027,S002,2,2328.6,Card,Online
O00366,2025-12-10,C0112,P029,S001,8,10810.88,Cash,Online
O00367,2025-03-23,C0178,P017,S006,3,3030.87,Cash,Online
O00368,2025-10-03,C0165,P001,S003,8,8943.28,Cash,In-Store
O00369,2025-08-30,C0142,P023,S004,5,4061.1,Card,In-Store
O00370,2025-12-09,C0153,P010,S015,5,3251.4,Cash,Online
O00371,2025-10-24,C0113,P009,S007,1,1564.25,Transfer,Online
O00372,2025-06-27,C0037,P014,S015,7,3209.71,Cash,In-Store
O00373,2025-06-22,C0047,P028,S014,2,4615.8,Card,Online
O00374,2025-05-13,C0039,P027,S009,7,8150.1,Cash,In-Store
O00375,2025-11-19,C0153,P005,S004,6,6584.16,Cash,Online
O00376,2025-07-25,C0155,P007,S008,1,502.7,Card,In-Store
O00377,2025-08-13,C0050,P016,S008,7,11704.7,Card,In-Store
O00378,2025-05-05,C0155,P007,S012,4,2010.8,Cash,Online
O00379,2025-10-29,C0049,P014,S007,7,3209.71,Transfer,Online
O00380,2025-12-06,C0157,P016,S003,6,10032.6,Transfer,Online
O00381,2025-01-04,C0093,P025,S006,2,1242.54,Cash,In-Store
O00382,2025-11-16,C0011,P003,S013,2,4083.4,Transfer,Online
O00383,2025-08-24,C0043,P018,S013,2,884.36,Card,In-Store
O00384,2025-10-02,C0100,P013,S001,8,1898.32,Transfer,Online
O00385,2025-10-15,C0050,P001,S001,2,2235.82,Transfer,Online
O00386,2025-09-05,C0107,P011,S007,3,2898.21,Card,Online
O00387,2025-03-14,C0031,P004,S005,6,5239.26,Transfer,Online
O00388,2025-09-03,C0178,P013,S015,4,949.16,Card,Online
O00389,2025-04-22,C0079,P013,S006,5,1186.45,Card,Online
O00390,2025-08-03,C0120,P005,S014,6,6584.16,Transfer,In-Store
O00391,2025-09-20,C0148,P014,S011,5,2292.65,Card,In-Store
O00392,2025-08-26,C0164,P013,S001,5,1186.45,Card,Online
O00393,2025-11-25,C0186,P004,S003,2,1746.42,Transfer,Online
O00394,2025-02-17,C0024,P020,S015,8,9027.36,Cash,Online
O00395,2025-05-20,C0139,P029,S014,8,10810.88,Card,Online
O00396,2025-10-30,C0038,P018,S013,6,2653.08,Cash,In-Store
O00397,2025-07-18,C0037,P015,S012,2,338.72,Transfer,Online
O00398,2025-03-01,C0193,P014,S009,2,917.06,Card,Online
O00399,2025-03-10,C0146,P003,S006,7,14291.9,Transfer,Online
O00400,2025-01-18,C0071,P027,S003,3,3492.9,Cash,In-Store
O00401,2025-10-03,C0200,P025,S007,1,621.27,Cash,Online
O00402,2025-04-17,C0046,P008,S009,6,7114.62,Cash,Online
O00403,2025-06-12,C0033,P004,S001,5,4366.05,Cash,Online
O00404,2025-03-03,C0153,P007,S007,6,3016.2,Transfer,Online
O00405,2025-11-01,C0083,P019,S009,2,965.2,Cash,In-Store
O00406,2025-03-28,C0099,P005,S004,5,5486.8,Cash,Online
O00407,2025-12-17,C0171,P006,S004,1,1003.49,Card,In-Store
O00408,2025-09-15,C0073,P007,S007,8,4021.6,Card,Online
O00409,2025-03-20,C0084,P022,S001,2,1023.74,Cash,In-Store
O00410,2025-06-05,C0090,P030,S015,3,3743.64,Transfer,Online
O00411,2025-10-19,C0050,P023,S007,3,2436.66,Card,In-Store
O00412,2025-09-23,C0023,P010,S012,8,5202.24,Card,Online
O00413,2025-06-26,C0028,P017,S005,4,4041.16,Transfer,Online
O00414,2025-03-27,C0032,P019,S009,2,965.2,Card,Online
O00415,2025-03-04,C0176,P010,S007,6,3901.68,Cash,In-Store
O00416,2025-06-17,C0131,P017,S011,8,8082.32,Cash,Online
O00417,2025-04-26,C0037,P002,S012,7,8396.08,Cash,In-Store
O00418,2025-05-31,C0161,P014,S003,5,2292.65,Transfer,Online
O00419,2025-11-03,C0006,P015,S010,8,1354.88,Card,Online
O00420,2025-02-17,C0070,P011,S006,5,4830.35,Card,Online
O00421,2025-09-25,C0048,P019,S002,4,1930.4,Transfer,Online
O00422,2025-07-05,C0073,P028,S011,6,13847.4,Cash,In-Store
O00423,2025-04-28,C0191,P004,S005,1,873.21,Card,Online
O00424,2025-09-28,C0161,P003,S013,4,8166.8,Cash,In-Store
O00425,2025-06-13,C0111,P020,S004,7,7898.94,Card,Online
O00426,2025-05-07,C0017,P010,S003,3,1950.84,Cash,In-Store
O00427,2025-05-11,C0198,P018,S010,5,2210.9,Cash,In-Store
O00428,2025-06-09,C0031,P021,S008,4,6910.04,Transfer,Online
O00429,2025-04-13,C0007,P010,S014,1,650.28,Cash,In-Store
O00430,2025-02-27,C0174,P013,S012,6,1423.74,Card,In-Store
O00431,2025-12-29,C0186,P025,S014,7,4348.89,Transfer,In-Store
O00432,2025-11-23,C0158,P001,S005,5,5589.55,Transfer,In-Store
O00433,2025-12-18,C0043,P009,S003,8,12514.0,Card,In-Store
O00434,2025-08-23,C0080,P024,S007,3,3725.76,Transfer,Online
O00435,2025-05-12,C0090,P011,S005,5,4830.35,Transfer,Online
O00436,2025-01-22,C0184,P016,S012,8,13376.8,Cash,In-Store
O00437,2025-07-02,C0065,P005,S013,2,2194.72,Transfer,In-Store
O00438,2025-08-04,C0138,P005,S012,6,6584.16,Transfer,Online
O00439,2025-06-12,C0094,P019,S012,5,2413.0,Cash,In-Store
O00440,2025-09-22,C0124,P017,S015,8,8082.32,Transfer,In-Store
O00441,2025-05-10,C0073,P010,S009,8,5202.24,Cash,In-Store
O00442,2025-03-04,C0054,P008,S013,5,5928.85,Cash,In-Store
O00443,2025-10-02,C0124,P016,S009,1,1672.1,Transfer,Online
O00444,2025-12-02,C0072,P011,S006,2,1932.14,Cash,In-Store
O00445,2025-03-24,C0021,P010,S005,2,1300.56,Card,Online
O00446,2025-10-01,C0107,P019,S006,4,1930.4,Card,In-Store
O00447,2025-11-23,C0154,P002,S012,4,4797.76,Card,Online
O00448,2025-06-12,C0082,P014,S001,6,2751.18,Cash,Online
O00449,2025-12-18,C0196,P023,S012,4,3248.88,Card,In-Store
O00450,2025-01-17,C0163,P003,S005,5,10208.5,Transfer,In-Store
O00451,2025-04-26,C0150,P007,S010,8,4021.6,Transfer,Online
O00452,2025-08-25,C0002,P025,S010,4,2485.08,Transfer,In-Store
O00453,2025-02-23,C0154,P030,S013,8,9983.04,Card,In-Store
O00454,2025-05-07,C0057,P006,S008,7,7024.43,Transfer,In-Store
O00455,2025-01-05,C0066,P013,S008,1,237.29,Card,In-Store
O00456,2025-08-30,C0091,P027,S009,7,8150.1,Transfer,Online
O00457,2025-08-29,C0158,P011,S003,6,5796.42,Transfer,Online
O00458,2025-01-25,C0192,P013,S003,2,474.58,Card,In-Store
O00459,2025-06-09,C0130,P028,S006,1,2307.9,Transfer,Online
O00460,2025-06-01,C0185,P012,S014,5,8466.95,Card,Online
O00461,2025-08-17,C0135,P029,S003,1,1351.36,Card,In-Store
O00462,2025-02-19,C0088,P020,S001,2,2256.84,Card,In-Store
O00463,2025-07-29,C0153,P002,S015,3,3598.32,Transfer,In-Store
O00464,2025-11-27,C0152,P026,S015,4,9002.24,Cash,Online
O00465,2025-08-09,C0040,P001,S004,7,7825.37,Transfer,In-Store
O00466,2025-07-08,C0095,P029,S008,1,1351.36,Card,Online
O00467,2025-03-04,C0140,P006,S007,4,4013.96,Cash,Online
O00468,2025-06-10,C0027,P014,S006,6,2751.18,Card,Online
O00469,2025-04-06,C0134,P001,S009,8,8943.28,Cash,Online
O00470,2025-07-20,C0133,P017,S006,1,1010.29,Cash,Online
O00471,2025-03-02,C0136,P007,S007,4,2010.8,Card,Online
O00472,2025-04-28,C0098,P017,S007,5,5051.45,Card,Online
O00473,2025-04-20,C0010,P002,S010,1,1199.44,Card,In-Store
O00474,2025-10-16,C0173,P025,S001,7,4348.89,Card,In-Store
O00475,2025-08-17,C0185,P012,S011,1,1693.39,Cash,Online
O00476,2025-10-23,C0133,P024,S008,5,6209.6,Transfer,In-Store
O00477,2025-08-07,C0116,P012,S009,7,11853.73,Card,In-Store
O00478,2025-04-25,C0093,P030,S008,3,3743.64,Card,Online
O00479,2025-04-19,C0184,P017,S015,7,7072.03,Card,Online
O00480,2025-01-01,C0097,P002,S012,1,1199.44,Card,Online
O00481,2025-04-16,C0056,P022,S012,4,2047.48,Cash,Online
O00482,2025-08-03,C0130,P017,S008,8,8082.32,Card,In-Store
O00483,2025-05-24,C0126,P008,S004,8,9486.16,Cash,Online
O00484,2025-12-16,C0027,P002,S011,7,8396.08,Card,In-Store
O00485,2025-05-14,C0111,P024,S006,6,7451.52,Cash,Online
O00486,2025-12-13,C0152,P030,S006,8,9983.04,Cash,In-Store
O00487,2025-01-08,C0196,P024,S008,7,8693.44,Transfer,In-Store
O00488,2025-07-16,C0199,P014,S001,6,2751.18,Card,In-Store
O00489,2025-07-16,C0078,P017,S005,6,6061.74,Card,Online
O00490,2025-02-07,C0110,P025,S012,5,3106.35,Transfer,Online
O00491,2025-03-26,C0089,P029,S012,4,5405.44,Card,Online
O00492,2025-04-01,C0025,P015,S008,1,169.36,Card,Online
O00493,2025-11-24,C0001,P020,S003,6,6770.52,Card,In-Store
O00494,2025-10-15,C0027,P002,S010,7,8396.08,Card,Online
O00495,2025-11-01,C0169,P023,S003,5,4061.1,Transfer,In-Store
O00496,2025-11-07,C0092,P004,S005,2,1746.42,Cash,In-Store
O00497,2025-09-20,C0178,P014,S004,4,1834.12,Card,Online
O00498,2025-10-17,C0135,P008,S013,2,2371.54,Transfer,In-Store
O00499,2025-06-26,C0069,P006,S004,4,4013.96,Transfer,Online
O00500,2025-07-31,C0017,P015,S015,6,1016.16,Card,In-Store
O00501,2025-01-31,C0187,P005,S012,8,8778.88,Transfer,In-Store
O00502,2025-11-12,C0196,P018,S015,8,3537.44,Card,In-Store
O00503,2025-12-04,C0058,P022,S015,6,3071.22,Transfer,Online
O00504,2025-06-11,C0107,P007,S007,3,1508.1,Cash,Online
O00505,2025-10-19,C0031,P021,S012,6,10365.06,Transfer,Online
O00506,2025-04-23,C0095,P020,S005,8,9027.36,Cash,Online
O00507,2025-12-10,C0022,P025,S002,3,1863.81,Card,In-Store
O00508,2025-07-16,C0060,P014,S015,5,2292.65,Card,In-Store
O00509,2025-05-27,C0157,P026,S015,6,13503.36,Card,Online
O00510,2025-11-17,C0129,P016,S011,3,5016.3,Cash,In-Store
O00511,2025-12-15,C0071,P014,S011,1,458.53,Card,Online
O00512,2025-04-08,C0110,P026,S011,2,4501.12,Cash,Online
O00513,2025-01-23,C0084,P030,S011,2,2495.76,Cash,In-Store
O00514,2025-11-10,C0107,P025,S004,3,1863.81,Card,In-Store
O00515,2025-01-15,C0087,P013,S004,1,237.29,Cash,In-Store
O00516,2025-07-07,C0073,P024,S007,7,8693.44,Transfer,Online
O00517,2025-11-27,C0176,P012,S007,2,3386.78,Card,In-Store
O00518,2025-02-02,C0198,P012,S006,7,11853.73,Card,Online
O00519,2025-12-17,C0011,P007,S008,5,2513.5,Cash,In-Store
O00520,2025-11-15,C0147,P007,S011,8,4021.6,Card,Online
O00521,2025-05-01,C0066,P023,S008,7,5685.54,Transfer,In-Store
O00522,2025-05-18,C0160,P024,S015,2,2483.84,Transfer,In-Store
O00523,2025-07-16,C0066,P028,S005,8,18463.2,Cash,Online
O00524,2025-03-22,C0091,P018,S009,8,3537.44,Transfer,In-Store
O00525,2025-10-05,C0151,P010,S012,5,3251.4,Card,In-Store
O00526,2025-11-28,C0021,P028,S012,8,18463.2,Transfer,In-Store
O00527,2025-04-17,C0179,P017,S013,8,8082.32,Cash,Online
O00528,2025-04-30,C0200,P017,S015,1,1010.29,Card,In-Store
O00529,2025-07-05,C0129,P026,S013,2,4501.12,Transfer,In-Store
O00530,2025-03-04,C0011,P022,S012,4,2047.48,Transfer,In-Store
O00531,2025-03-20,C0054,P021,S015,2,3455.02,Transfer,In-Store
O00532,2025-05-29,C0051,P002,S014,4,4797.76,Card,In-Store
O00533,2025-09-16,C0020,P014,S007,5,2292.65,Cash,Online
O00534,2025-06-29,C0145,P022,S002,5,2559.35,Transfer,In-Store
O00535,2025-05-28,C0140,P025,S011,4,2485.08,Card,In-Store
O00536,2025-05-27,C0195,P007,S002,1,502.7,Transfer,Online
O00537,2025-08-16,C0001,P006,S003,8,8027.92,Card,In-Store
O00538,2025-05-08,C0007,P026,S008,5,11252.8,Cash,In-Store
O00539,2025-04-05,C0187,P013,S014,4,949.16,Cash,Online
O00540,2025-01-17,C0058,P029,S011,6,8108.16,Transfer,Online
O00541,2025-03-31,C0090,P019,S009,6,2895.6,Card,In-Store
O00542,2025-12-25,C0175,P030,S004,3,3743.64,Card,In-Store
O00543,2025-08-26,C0111,P021,S001,5,8637.55,Cash,In-Store
O00544,2025-08-01,C0182,P028,S012,3,6923.7,Transfer,In-Store
O00545,2025-02-10,C0107,P005,S011,6,6584.16,Transfer,In-Store
O00546,2025-01-14,C0010,P012,S012,4,6773.56,Card,In-Store
O00547,2025-11-05,C0197,P014,S011,3,1375.59,Cash,In-Store
O00548,2025-09-14,C0015,P023,S013,3,2436.66,Card,In-Store
O00549,2025-05-14,C0148,P009,S014,7,10949.75,Cash,Online
O00550,2025-10-05,C0001,P006,S006,5,5017.45,Card,In-Store
O00551,2025-05-08,C0128,P001,S012,8,8943.28,Transfer,Online
O00552,2025-02-13,C0165,P001,S001,2,2235.82,Card,In-Store
O00553,2025-03-17,C0185,P008,S015,4,4743.08,Cash,Online
O00554,2025-08-05,C0200,P030,S007,2,2495.76,Transfer,In-Store
O00555,2025-12-29,C0109,P001,S011,4,4471.64,Cash,In-Store
O00556,2025-03-02,C0128,P001,S006,4,4471.64,Cash,Online
O00557,2025-08-05,C0070,P002,S005,7,8396.08,Cash,Online
O00558,2025-11-07,C0141,P002,S011,6,7196.64,Card,Online
O00559,2025-03-21,C0002,P016,S005,3,5016.3,Transfer,Online
O00560,2025-08-22,C0070,P026,S003,3,6751.68,Cash,Online
O00561,2025-05-12,C0022,P012,S004,3,5080.17,Transfer,In-Store
O00562,2025-09-14,C0183,P006,S012,8,8027.92,Cash,In-Store
O00563,2025-05-27,C0073,P002,S014,2,2398.88,Transfer,Online
O00564,2025-01-05,C0187,P001,S004,8,8943.28,Cash,In-Store
O00565,2025-01-31,C0079,P002,S002,3,3598.32,Cash,Online
O00566,2025-05-09,C0135,P004,S004,4,3492.84,Transfer,In-Store
O00567,2025-02-22,C0117,P005,S013,3,3292.08,Card,Online
O00568,2025-09-04,C0196,P016,S015,3,5016.3,Transfer,Online
O00569,2025-06-22,C0109,P012,S003,8,13547.12,Transfer,Online
O00570,2025-06-27,C0046,P023,S006,2,1624.44,Cash,In-Store
O00571,2025-04-10,C0132,P018,S006,5,2210.9,Cash,In-Store
O00572,2025-03-02,C0088,P029,S008,1,1351.36,Card,Online
O00573,2025-05-24,C0032,P024,S012,3,3725.76,Cash,Online
O00574,2025-07-25,C0071,P012,S001,2,3386.78,Card,In-Store
O00575,2025-10-30,C0147,P008,S007,4,4743.08,Transfer,Online
O00576,2025-06-19,C0147,P001,S014,8,8943.28,Transfer,Online
O00577,2025-12-04,C0026,P012,S005,7,11853.73,Cash,Online
O00578,2025-04-09,C0045,P014,S002,2,917.06,Transfer,Online
O00579,2025-03-12,C0194,P004,S002,5,4366.05,Transfer,In-Store
O00580,2025-07-17,C0039,P014,S008,6,2751.18,Transfer,In-Store
O00581,2025-07-16,C0167,P008,S006,4,4743.08,Transfer,Online
O00582,2025-09-18,C0141,P026,S015,4,9002.24,Transfer,In-Store
O00583,2025-08-03,C0183,P018,S015,3,1326.54,Cash,Online
O00584,2025-11-02,C0055,P016,S005,6,10032.6,Card,Online
O00585,2025-01-11,C0065,P002,S001,3,3598.32,Card,In-Store
O00586,2025-12-11,C0134,P019,S008,6,2895.6,Card,In-Store
O00587,2025-06-11,C0018,P029,S014,7,9459.52,Cash,In-Store
O00588,2025-10-05,C0123,P028,S003,4,9231.6,Card,In-Store
O00589,2025-11-23,C0021,P015,S013,2,338.72,Transfer,Online
O00590,2025-01-24,C0085,P002,S004,8,9595.52,Cash,In-Store
O00591,2025-01-19,C0173,P019,S008,5,2413.0,Transfer,In-Store
O00592,2025-06-17,C0116,P009,S001,5,7821.25,Transfer,In-Store
O00593,2025-05-22,C0125,P003,S005,8,16333.6,Card,In-Store
O00594,2025-10-06,C0127,P023,S007,8,6497.76,Cash,In-Store
O00595,2025-03-19,C0092,P023,S009,3,2436.66,Transfer,Online
O00596,2025-11-17,C0140,P012,S012,2,3386.78,Cash,In-Store
O00597,2025-07-21,C0111,P030,S006,6,7487.28,Transfer,Online
O00598,2025-05-31,C0076,P017,S007,8,8082.32,Transfer,In-Store
O00599,2025-09-08,C0033,P015,S012,4,677.44,Cash,Online
O00600,2025-09-22,C0075,P016,S005,4,6688.4,Transfer,In-Store
O00601,2025-07-23,C0084,P006,S009,4,4013.96,Transfer,In-Store
O00602,2025-05-31,C0080,P007,S014,3,1508.1,Card,In-Store
O00603,2025-08-18,C0037,P021,S013,3,5182.53,Card,In-Store
O00604,2025-06-24,C0124,P018,S009,7,3095.26,Transfer,In-Store
O00605,2025-12-08,C0086,P010,S006,6,3901.68,Cash,In-Store
O00606,2025-06-01,C0142,P017,S006,6,6061.74,Card,Online
O00607,2025-12-20,C0119,P013,S006,7,1661.03,Card,In-Store
O00608,2025-02-27,C0088,P003,S006,2,4083.4,Cash,In-Store
O00609,2025-09-30,C0016,P004,S008,5,4366.05,Card,Online
O00610,2025-06-01,C0097,P008,S008,5,5928.85,Card,In-Store
O00611,2025-07-09,C0081,P007,S010,5,2513.5,Cash,In-Store
O00612,2025-03-18,C0014,P017,S003,6,6061.74,Transfer,In-Store
O00613,2025-03-15,C0122,P021,S010,1,1727.51,Card,Online
O00614,2025-10-21,C0022,P025,S008,6,3727.62,Transfer,Online
O00615,2025-04-05,C0008,P020,S010,2,2256.84,Cash,Online
O00616,2025-08-29,C0101,P012,S007,1,1693.39,Card,In-Store
O00617,2025-01-04,C0033,P029,S008,4,5405.44,Card,Online
O00618,2025-01-06,C0177,P011,S003,7,6762.49,Cash,Online
O00619,2025-07-08,C0132,P026,S014,3,6751.68,Transfer,Online
O00620,2025-04-10,C0038,P002,S006,5,5997.2,Card,Online
O00621,2025-06-07,C0051,P023,S008,8,6497.76,Card,Online
O00622,2025-05-17,C0168,P027,S007,1,1164.3,Cash,Online
O00623,2025-04-20,C0096,P009,S014,7,10949.75,Card,Online
O00624,2025-03-24,C0200,P013,S010,5,1186.45,Transfer,In-Store
O00625,2025-08-09,C0014,P024,S004,4,4967.68,Cash,In-Store
O00626,2025-12-17,C0016,P006,S004,6,6020.94,Card,In-Store
O00627,2025-04-11,C0022,P001,S007,5,5589.55,Card,Online
O00628,2025-12-05,C0102,P013,S008,3,711.87,Transfer,Online
O00629,2025-04-05,C0027,P007,S012,3,1508.1,Transfer,Online
O00630,2025-03-05,C0012,P006,S014,5,5017.45,Transfer,Online
O00631,2025-10-01,C0195,P011,S010,5,4830.35,Card,Online
O00632,2025-06-27,C0079,P024,S005,5,6209.6,Transfer,Online
O00633,2025-04-11,C0190,P023,S008,5,4061.1,Cash,In-Store
O00634,2025-03-11,C0125,P017,S003,2,2020.58,Transfer,In-Store
O00635,2025-12-29,C0185,P026,S015,2,4501.12,Card,Online
O00636,2025-11-14,C0086,P007,S014,1,502.7,Transfer,In-Store
O00637,2025-05-01,C0127,P021,S004,8,13820.08,Card,Online
O00638,2025-05-30,C0062,P004,S001,4,3492.84,Cash,Online
O00639,2025-01-24,C0094,P003,S009,4,8166.8,Cash,In-Store
O00640,2025-09-01,C0001,P007,S010,4,2010.8,Card,Online
O00641,2025-08-24,C0091,P027,S008,8,9314.4,Transfer,In-Store
O00642,2025-05-22,C0109,P012,S012,5,8466.95,Cash,Online
O00643,2025-11-30,C0143,P005,S010,6,6584.16,Cash,In-Store
O00644,2025-05-12,C0052,P010,S014,8,5202.24,Transfer,Online
O00645,2025-10-16,C0187,P001,S007,5,5589.55,Transfer,Online
O00646,2025-03-13,C0160,P006,S013,3,3010.47,Transfer,Online
O00647,2025-08-26,C0024,P003,S009,1,2041.7,Card,Online
O00648,2025-10-25,C0019,P020,S002,5,5642.1,Transfer,Online
O00649,2025-10-22,C0161,P020,S006,6,6770.52,Card,In-Store
O00650,2025-09-09,C0195,P005,S013,5,5486.8,Card,Online
O00651,2026-01-01,C0148,P004,S005,1,873.21,Cash,Online
O00652,2025-02-20,C0180,P022,S007,7,3583.09,Cash,In-Store
O00653,2025-06-05,C0194,P017,S011,1,1010.29,Transfer,In-Store
O00654,2025-02-17,C0122,P018,S003,7,3095.26,Transfer,In-Store
O00655,2025-01-16,C0079,P024,S014,5,6209.6,Transfer,In-Store
O00656,2025-10-22,C0120,P012,S003,3,5080.17,Card,In-Store
O00657,2025-09-11,C0057,P027,S006,8,9314.4,Card,Online
O00658,2025-04-25,C0055,P012,S009,7,11853.73,Card,Online
O00659,2025-11-06,C0148,P004,S008,6,5239.26,Card,Online
O00660,2025-07-05,C0067,P024,S004,7,8693.44,Card,Online
O00661,2025-04-12,C0056,P027,S002,4,4657.2,Cash,In-Store
O00662,2025-11-19,C0005,P019,S010,7,3378.2,Transfer,Online
O00663,2025-07-31,C0182,P022,S015,3,1535.61,Card,Online
O00664,2025-07-21,C0157,P009,S007,8,12514.0,Transfer,In-Store
O00665,2025-04-25,C0051,P023,S011,7,5685.54,Cash,Online
O00666,2025-03-03,C0116,P028,S015,5,11539.5,Cash,Online
O00667,2025-08-30,C0041,P012,S002,7,11853.73,Transfer,In-Store
O00668,2025-10-28,C0034,P018,S009,3,1326.54,Cash,In-Store
O00669,2025-02-15,C0005,P018,S005,1,442.18,Transfer,In-Store
O00670,2025-05-02,C0085,P003,S010,7,14291.9,Card,In-Store
O00671,2025-03-14,C0141,P001,S001,4,4471.64,Transfer,In-Store
O00672,2025-04-09,C0072,P007,S015,3,1508.1,Card,In-Store
O00673,2025-10-20,C0200,P011,S001,8,7728.56,Cash,In-Store
O00674,2025-03-15,C0191,P029,S002,4,5405.44,Cash,In-Store
O00675,2025-11-15,C0081,P011,S005,1,966.07,Card,In-Store
O00676,2025-02-24,C0132,P002,S006,2,2398.88,Cash,Online
O00677,2025-10-26,C0175,P009,S007,4,6257.0,Card,Online
O00678,2025-06-19,C0181,P010,S014,5,3251.4,Transfer,Online
O00679,2025-04-03,C0035,P023,S014,7,5685.54,Card,Online
O00680,2025-10-08,C0038,P010,S015,6,3901.68,Cash,Online
O00681,2025-03-22,C0164,P021,S005,1,1727.51,Card,Online
O00682,2025-02-07,C0146,P017,S005,3,3030.87,Card,Online
O00683,2025-09-20,C0006,P009,S015,5,7821.25,Transfer,In-Store
O00684,2025-05-11,C0142,P028,S008,1,2307.9,Transfer,In-Store
O00685,2025-09-27,C0017,P028,S013,5,11539.5,Transfer,Online
O00686,2025-06-05,C0047,P024,S008,5,6209.6,Card,Online
O00687,2025-09-30,C0021,P027,S002,4,4657.2,Transfer,In-Store
O00688,2025-09-02,C0047,P012,S014,3,5080.17,Card,In-Store
O00689,2025-02-15,C0002,P023,S004,6,4873.32,Card,Online
O00690,2025-12-12,C0130,P012,S004,8,13547.12,Card,In-Store
O00691,2025-03-05,C0141,P022,S002,4,2047.48,Card,In-Store
O00692,2025-06-23,C0015,P019,S015,4,1930.4,Cash,Online
O00693,2025-01-03,C0063,P019,S002,6,2895.6,Card,In-Store
O00694,2025-09-22,C0157,P005,S007,1,1097.36,Transfer,Online
O00695,2025-06-08,C0077,P017,S002,7,7072.03,Transfer,In-Store
O00696,2025-01-18,C0195,P027,S006,6,6985.8,Transfer,Online
O00697,2025-01-20,C0184,P005,S001,8,8778.88,Card,In-Store
O00698,2025-03-04,C0070,P023,S004,5,4061.1,Card,Online
O00699,2025-10-14,C0021,P023,S012,7,5685.54,Transfer,In-Store
O00700,2025-03-22,C0043,P023,S003,3,2436.66,Card,Online
O00701,2025-09-10,C0165,P020,S002,5,5642.1,Transfer,Online
O00702,2025-01-14,C0122,P025,S014,5,3106.35,Cash,In-Store
O00703,2025-07-25,C0113,P025,S008,5,3106.35,Cash,In-Store
O00704,2025-01-17,C0087,P005,S001,6,6584.16,Card,In-Store
O00705,2025-05-02,C0136,P006,S003,7,7024.43,Card,Online
O00706,2025-04-26,C0112,P027,S005,4,4657.2,Cash,Online
O00707,2025-07-28,C0114,P005,S002,3,3292.08,Transfer,Online
O00708,2025-08-15,C0111,P027,S003,2,2328.6,Transfer,Online
O00709,2025-11-16,C0197,P017,S006,4,4041.16,Card,Online
O00710,2025-01-25,C0036,P030,S005,7,8735.16,Card,Online
O00711,2025-02-26,C0190,P009,S009,3,4692.75,Card,In-Store
O00712,2025-03-10,C0160,P026,S007,4,9002.24,Transfer,In-Store
O00713,2025-06-26,C0197,P009,S014,5,7821.25,Transfer,Online
O00714,2025-07-14,C0186,P004,S001,4,3492.84,Card,In-Store
O00715,2025-06-28,C0063,P012,S003,3,5080.17,Cash,Online
O00716,2025-08-02,C0067,P022,S006,5,2559.35,Transfer,Online
O00717,2025-07-01,C0083,P008,S002,5,5928.85,Cash,In-Store
O00718,2025-02-16,C0199,P029,S001,8,10810.88,Transfer,Online
O00719,2025-12-10,C0154,P030,S006,1,1247.88,Transfer,In-Store
O00720,2025-05-10,C0080,P028,S009,2,4615.8,Transfer,Online
O00721,2025-10-25,C0076,P019,S003,6,2895.6,Card,In-Store
O00722,2025-07-27,C0162,P014,S012,2,917.06,Card,In-Store
O00723,2025-04-27,C0055,P028,S002,7,16155.3,Cash,In-Store
O00724,2025-10-07,C0186,P017,S009,8,8082.32,Card,In-Store
O00725,2025-08-21,C0128,P015,S015,6,1016.16,Transfer,In-Store
O00726,2025-05-14,C0188,P006,S013,7,7024.43,Transfer,In-Store
O00727,2025-05-02,C0142,P020,S012,3,3385.26,Cash,Online
O00728,2025-07-31,C0052,P021,S009,3,5182.53,Transfer,Online
O00729,2025-03-08,C0052,P024,S012,2,2483.84,Transfer,In-Store
O00730,2025-12-17,C0199,P026,S006,7,15753.92,Cash,Online
O00731,2025-03-12,C0133,P028,S012,7,16155.3,Transfer,Online
O00732,2025-08-04,C0031,P003,S010,2,4083.4,Transfer,In-Store
O00733,2025-12-21,C0053,P008,S013,6,7114.62,Cash,In-Store
O00734,2025-08-18,C0018,P024,S013,5,6209.6,Transfer,Online
O00735,2025-01-31,C0056,P018,S010,8,3537.44,Card,In-Store
O00736,2025-12-31,C0091,P005,S004,7,7681.52,Cash,Online
O00737,2025-02-17,C0143,P020,S005,7,7898.94,Transfer,Online
O00738,2025-06-10,C0196,P007,S004,5,2513.5,Cash,In-Store
O00739,2025-10-02,C0094,P014,S009,3,1375.59,Cash,In-Store
O00740,2025-08-13,C0056,P007,S008,5,2513.5,Transfer,In-Store
O00741,2025-03-25,C0159,P027,S010,2,2328.6,Transfer,In-Store
O00742,2025-06-28,C0051,P001,S005,1,1117.91,Card,In-Store
O00743,2025-01-10,C0038,P024,S012,3,3725.76,Cash,Online
O00744,2025-10-05,C0014,P027,S004,1,1164.3,Transfer,In-Store
O00745,2025-06-08,C0115,P001,S010,4,4471.64,Cash,Online
O00746,2025-02-25,C0120,P021,S010,3,5182.53,Transfer,Online
O00747,2025-04-05,C0107,P029,S008,8,10810.88,Card,Online
O00748,2025-10-10,C0112,P017,S015,6,6061.74,Transfer,In-Store
O00749,2025-12-20,C0088,P030,S006,8,9983.04,Transfer,Online
O00750,2025-02-23,C0076,P003,S005,2,4083.4,Transfer,In-Store
O00751,2025-12-17,C0144,P023,S007,3,2436.66,Transfer,In-Store
O00752,2025-06-19,C0065,P022,S012,3,1535.61,Cash,Online
O00753,2025-07-25,C0095,P018,S011,7,3095.26,Cash,Online
O00754,2025-07-29,C0178,P017,S003,6,6061.74,Transfer,Online
O00755,2025-06-26,C0135,P020,S015,7,7898.94,Transfer,In-Store
O00756,2025-12-19,C0126,P021,S011,7,12092.57,Cash,Online
O00757,2025-05-24,C0009,P006,S007,5,5017.45,Card,Online
O00758,2025-04-16,C0164,P019,S007,5,2413.0,Transfer,In-Store
O00759,2025-08-07,C0083,P003,S002,7,14291.9,Transfer,Online
O00760,2025-09-25,C0199,P024,S005,6,7451.52,Card,In-Store
O00761,2025-06-21,C0006,P018,S001,2,884.36,Card,Online
O00762,2025-04-29,C0193,P008,S012,4,4743.08,Cash,Online
O00763,2025-12-07,C0109,P017,S002,7,7072.03,Transfer,In-Store
O00764,2025-07-20,C0118,P026,S004,8,18004.48,Transfer,Online
O00765,2025-08-10,C0023,P019,S003,7,3378.2,Cash,Online
O00766,2025-09-04,C0151,P008,S014,4,4743.08,Card,Online
O00767,2025-01-14,C0198,P027,S009,3,3492.9,Card,In-Store
O00768,2025-11-26,C0123,P005,S010,2,2194.72,Card,Online
O00769,2025-03-02,C0199,P010,S002,7,4551.96,Cash,In-Store
O00770,2025-10-14,C0171,P013,S011,6,1423.74,Card,Online
O00771,2025-08-31,C0005,P023,S015,2,1624.44,Cash,Online
O00772,2025-01-24,C0189,P026,S003,4,9002.24,Card,In-Store
O00773,2025-03-15,C0171,P030,S015,3,3743.64,Card,Online
O00774,2025-09-17,C0127,P016,S015,7,11704.7,Transfer,In-Store
O00775,2025-05-21,C0025,P023,S001,7,5685.54,Transfer,Online
O00776,2025-11-11,C0091,P024,S003,4,4967.68,Card,In-Store
O00777,2025-02-06,C0149,P004,S005,2,1746.42,Transfer,In-Store
O00778,2025-04-23,C0074,P016,S013,8,13376.8,Transfer,Online
O00779,2025-12-13,C0066,P003,S005,6,12250.2,Cash,In-Store
O00780,2025-06-24,C0049,P020,S010,5,5642.1,Transfer,Online
O00781,2025-11-18,C0149,P023,S014,2,1624.44,Card,Online
O00782,2025-02-21,C0028,P022,S008,1,511.87,Card,In-Store
O00783,2025-11-13,C0051,P014,S004,6,2751.18,Transfer,Online
O00784,2025-08-30,C0068,P023,S010,8,6497.76,Card,Online
O00785,2025-10-03,C0013,P028,S004,8,18463.2,Cash,In-Store
O00786,2025-04-12,C0161,P016,S005,1,1672.1,Card,In-Store
O00787,2025-06-03,C0169,P009,S013,5,7821.25,Transfer,In-Store
O00788,2025-01-04,C0078,P005,S009,4,4389.44,Transfer,Online
O00789,2025-01-06,C0096,P017,S001,8,8082.32,Card,In-Store
O00790,2025-02-26,C0091,P021,S005,2,3455.02,Transfer,Online
O00791,2025-04-06,C0058,P015,S011,4,677.44,Card,Online
O00792,2025-12-25,C0192,P029,S004,6,8108.16,Transfer,Online
O00793,2025-04-04,C0063,P028,S011,7,16155.3,Transfer,Online
O00794,2025-11-15,C0142,P018,S014,5,2210.9,Card,Online
O00795,2025-10-02,C0064,P019,S012,3,1447.8,Card,In-Store
O00796,2025-07-14,C0121,P013,S008,5,1186.45,Card,In-Store
O00797,2025-03-10,C0183,P011,S006,2,1932.14,Transfer,In-Store
O00798,2025-12-31,C0120,P030,S010,6,7487.28,Card,Online
O00799,2025-07-12,C0160,P018,S008,1,442.18,Card,Online
O00800,2025-12-26,C0142,P013,S015,6,1423.74,Transfer,In-Store
O00801,2025-02-28,C0056,P018,S007,8,3537.44,Cash,In-Store
O00802,2025-11-19,C0022,P012,S004,1,1693.39,Cash,In-Store
O00803,2025-12-04,C0086,P018,S004,5,2210.9,Cash,Online
O00804,2025-04-01,C0076,P027,S015,7,8150.1,Card,In-Store
O00805,2025-12-01,C0188,P030,S002,1,1247.88,Transfer,In-Store
O00806,2025-06-15,C0144,P018,S014,5,2210.9,Cash,Online
O00807,2025-05-30,C0113,P004,S013,5,4366.05,Cash,Online
O00808,2025-11-03,C0041,P002,S002,6,7196.64,Cash,In-Store
O00809,2025-02-03,C0022,P007,S011,7,3518.9,Card,In-Store
O00810,2025-12-23,C0154,P015,S002,6,1016.16,Transfer,Online
O00811,2025-11-23,C0107,P029,S015,3,4054.08,Transfer,Online
O00812,2025-01-25,C0137,P020,S006,2,2256.84,Transfer,In-Store
O00813,2025-06-28,C0045,P030,S006,7,8735.16,Transfer,In-Store
O00814,2025-05-02,C0138,P011,S014,3,2898.21,Cash,Online
O00815,2025-06-05,C0177,P029,S009,5,6756.8,Transfer,Online
O00816,2025-02-01,C0150,P030,S012,6,7487.28,Transfer,In-Store
O00817,2025-06-10,C0002,P020,S006,7,7898.94,Card,In-Store
O00818,2025-08-20,C0033,P001,S013,7,7825.37,Transfer,In-Store
O00819,2025-10-23,C0067,P017,S011,4,4041.16,Card,In-Store
O00820,2025-10-30,C0055,P019,S009,3,1447.8,Transfer,In-Store
O00821,2025-09-30,C0131,P010,S003,6,3901.68,Transfer,Online
O00822,2025-02-13,C0068,P006,S009,3,3010.47,Cash,In-Store
O00823,2025-12-21,C0044,P028,S008,2,4615.8,Transfer,In-Store
O00824,2025-07-15,C0181,P009,S004,5,7821.25,Card,In-Store
O00825,2025-01-27,C0075,P011,S002,7,6762.49,Card,Online
O00826,2025-05-05,C0045,P012,S014,1,1693.39,Transfer,Online
O00827,2025-01-03,C0138,P026,S009,1,2250.56,Cash,In-Store
O00828,2025-09-23,C0070,P006,S014,8,8027.92,Transfer,In-Store
O00829,2025-05-24,C0002,P013,S005,1,237.29,Cash,Online
O00830,2025-10-01,C0173,P003,S005,4,8166.8,Card,Online
O00831,2025-12-10,C0166,P017,S005,7,7072.03,Transfer,In-Store
O00832,2025-03-14,C0179,P029,S004,6,8108.16,Card,In-Store
O00833,2025-09-02,C0131,P019,S004,1,482.6,Card,In-Store
O00834,2025-02-06,C0088,P020,S013,2,2256.84,Card,Online
O00835,2025-03-24,C0088,P013,S015,2,474.58,Transfer,In-Store
O00836,2025-09-07,C0132,P024,S009,5,6209.6,Transfer,Online
O00837,2025-03-16,C0197,P024,S004,7,8693.44,Cash,In-Store
O00838,2025-09-25,C0188,P002,S007,2,2398.88,Cash,In-Store
O00839,2025-03-22,C0108,P023,S014,6,4873.32,Card,Online
O00840,2025-01-27,C0199,P002,S011,3,3598.32,Card,Online
O00841,2025-10-31,C0038,P009,S007,5,7821.25,Cash,In-Store
O00842,2025-11-04,C0191,P003,S009,4,8166.8,Cash,In-Store
O00843,2025-07-07,C0081,P021,S014,8,13820.08,Cash,In-Store
O00844,2025-09-15,C0011,P025,S001,5,3106.35,Card,In-Store
O00845,2025-08-13,C0069,P005,S002,6,6584.16,Card,In-Store
O00846,2025-03-19,C0166,P024,S005,1,1241.92,Cash,Online
O00847,2025-06-25,C0004,P002,S015,2,2398.88,Cash,In-Store
O00848,2025-10-18,C0180,P017,S006,8,8082.32,Card,In-Store
O00849,2025-08-04,C0143,P010,S006,7,4551.96,Card,In-Store
O00850,2025-03-24,C0129,P028,S005,3,6923.7,Card,Online
O00851,2025-06-24,C0051,P002,S004,6,7196.64,Cash,Online
O00852,2025-05-03,C0032,P010,S007,8,5202.24,Cash,Online
O00853,2025-01-15,C0077,P002,S014,6,7196.64,Transfer,In-Store
O00854,2025-01-21,C0001,P009,S003,1,1564.25,Cash,In-Store
O00855,2025-08-23,C0040,P005,S005,5,5486.8,Card,In-Store
O00856,2025-11-07,C0036,P006,S011,7,7024.43,Transfer,In-Store
O00857,2025-07-30,C0015,P019,S003,5,2413.0,Transfer,In-Store
O00858,2025-08-20,C0199,P019,S006,2,965.2,Cash,In-Store
O00859,2025-09-16,C0145,P017,S003,5,5051.45,Transfer,Online
O00860,2025-05-19,C0200,P022,S008,7,3583.09,Cash,In-Store
O00861,2025-06-04,C0033,P019,S008,8,3860.8,Transfer,Online
O00862,2025-10-28,C0032,P018,S015,6,2653.08,Cash,In-Store
O00863,2025-01-27,C0034,P014,S013,1,458.53,Card,In-Store
O00864,2025-03-08,C0148,P024,S002,4,4967.68,Cash,Online
O00865,2025-02-02,C0196,P018,S008,6,2653.08,Transfer,Online
O00866,2025-12-23,C0109,P007,S008,1,502.7,Card,Online
O00867,2025-11-20,C0049,P030,S002,3,3743.64,Cash,Online
O00868,2025-11-27,C0135,P027,S014,6,6985.8,Card,In-Store
O00869,2025-01-22,C0048,P004,S001,7,6112.47,Card,Online
O00870,2025-02-04,C0015,P021,S004,3,5182.53,Cash,Online
O00871,2025-01-04,C0164,P026,S012,7,15753.92,Cash,In-Store
O00872,2025-11-11,C0030,P007,S011,2,1005.4,Cash,Online
O00873,2025-08-31,C0149,P014,S009,2,917.06,Transfer,Online
O00874,2025-03-07,C0076,P007,S002,7,3518.9,Cash,Online
O00875,2025-04-26,C0086,P013,S011,6,1423.74,Cash,Online
O00876,2025-07-12,C0087,P011,S009,7,6762.49,Transfer,Online
O00877,2025-01-08,C0128,P027,S002,8,9314.4,Transfer,Online
O00878,2025-08-06,C0099,P003,S011,6,12250.2,Cash,In-Store
O00879,2025-06-23,C0020,P008,S001,8,9486.16,Transfer,Online
O00880,2025-05-30,C0197,P012,S001,1,1693.39,Card,Online
O00881,2025-08-05,C0194,P004,S005,5,4366.05,Card,Online
O00882,2025-05-23,C0061,P020,S007,6,6770.52,Cash,In-Store
O00883,2025-09-27,C0090,P003,S007,2,4083.4,Card,Online
O00884,2025-09-05,C0107,P015,S009,7,1185.52,Card,In-Store
O00885,2025-06-30,C0071,P017,S004,7,7072.03,Transfer,In-Store
O00886,2025-11-08,C0168,P008,S001,1,1185.77,Card,Online
O00887,2025-10-04,C0081,P024,S010,8,9935.36,Cash,In-Store
O00888,2025-11-12,C0101,P009,S007,4,6257.0,Card,Online
O00889,2025-05-02,C0191,P018,S011,3,1326.54,Transfer,In-Store
O00890,2025-11-19,C0196,P027,S014,2,2328.6,Cash,Online
O00891,2025-03-23,C0170,P001,S009,3,3353.73,Transfer,In-Store
O00892,2025-04-17,C0163,P005,S007,7,7681.52,Transfer,In-Store
O00893,2025-05-09,C0128,P028,S008,3,6923.7,Cash,Online
O00894,2025-03-26,C0013,P026,S005,5,11252.8,Cash,In-Store
O00895,2025-03-04,C0129,P012,S004,3,5080.17,Transfer,Online
O00896,2025-05-21,C0152,P011,S001,7,6762.49,Cash,Online
O00897,2025-03-02,C0178,P011,S009,6,5796.42,Cash,Online
O00898,2025-10-30,C0148,P017,S013,2,2020.58,Cash,In-Store
O00899,2025-08-15,C0131,P030,S010,7,8735.16,Transfer,In-Store
O00900,2025-05-26,C0069,P021,S005,3,5182.53,Transfer,Online
O00901,2025-07-21,C0185,P026,S007,8,18004.48,Transfer,Online
O00902,2025-01-05,C0131,P022,S009,2,1023.74,Card,In-Store
O00903,2025-04-25,C0020,P030,S006,5,6239.4,Card,Online
O00904,2025-04-27,C0117,P026,S003,7,15753.92,Card,Online
O00905,2025-12-23,C0162,P026,S002,8,18004.48,Transfer,In-Store
O00906,2025-07-17,C0194,P009,S009,3,4692.75,Transfer,Online
O00907,2025-10-05,C0081,P012,S006,3,5080.17,Transfer,In-Store
O00908,2025-07-18,C0031,P028,S005,8,18463.2,Card,Online
O00909,2025-05-16,C0158,P023,S008,1,812.22,Transfer,Online
O00910,2025-10-15,C0191,P002,S015,4,4797.76,Card,Online
O00911,2025-03-20,C0009,P009,S009,5,7821.25,Transfer,Online
O00912,2025-10-06,C0120,P011,S013,8,7728.56,Cash,In-Store
O00913,2025-06-13,C0153,P023,S005,3,2436.66,Cash,Online
O00914,2025-01-09,C0122,P008,S005,3,3557.31,Transfer,In-Store
O00915,2025-03-31,C0116,P005,S013,7,7681.52,Transfer,In-Store
O00916,2025-07-01,C0068,P012,S001,3,5080.17,Card,Online
O00917,2025-09-22,C0175,P029,S002,4,5405.44,Transfer,Online
O00918,2025-03-23,C0101,P001,S015,7,7825.37,Transfer,In-Store
O00919,2025-05-24,C0134,P025,S011,3,1863.81,Transfer,In-Store
O00920,2025-09-18,C0005,P002,S003,2,2398.88,Cash,Online
O00921,2025-08-04,C0150,P017,S010,1,1010.29,Cash,In-Store
O00922,2025-03-28,C0005,P024,S001,6,7451.52,Transfer,In-Store
O00923,2025-04-30,C0189,P012,S007,1,1693.39,Transfer,Online
O00924,2025-08-26,C0067,P008,S009,4,4743.08,Cash,In-Store
O00925,2025-12-02,C0031,P024,S015,5,6209.6,Transfer,Online
O00926,2025-12-02,C0026,P016,S003,2,3344.2,Card,In-Store
O00927,2025-05-02,C0114,P007,S002,5,2513.5,Cash,In-Store
O00928,2025-02-25,C0012,P012,S010,5,8466.95,Transfer,In-Store
O00929,2025-05-25,C0104,P021,S004,7,12092.57,Transfer,Online
O00930,2025-03-09,C0186,P016,S011,8,13376.8,Cash,In-Store
O00931,2025-09-06,C0107,P017,S007,6,6061.74,Cash,Online
O00932,2025-11-29,C0148,P030,S007,4,4991.52,Transfer,In-Store
O00933,2025-07-31,C0069,P020,S002,2,2256.84,Card,Online
O00934,2025-01-29,C0150,P019,S006,2,965.2,Transfer,In-Store
O00935,2025-06-28,C0014,P015,S008,4,677.44,Transfer,In-Store
O00936,2025-09-18,C0128,P003,S002,4,8166.8,Cash,Online
O00937,2025-05-01,C0076,P029,S010,6,8108.16,Cash,In-Store
O00938,2025-12-01,C0005,P014,S015,4,1834.12,Cash,In-Store
O00939,2025-06-15,C0012,P028,S013,8,18463.2,Card,In-Store
O00940,2025-08-18,C0111,P004,S013,2,1746.42,Card,Online
O00941,2025-06-20,C0089,P026,S013,2,4501.12,Card,In-Store
O00942,2025-08-02,C0199,P017,S011,6,6061.74,Transfer,In-Store
O00943,2025-06-05,C0015,P004,S010,4,3492.84,Card,In-Store
O00944,2025-04-25,C0177,P006,S004,3,3010.47,Card,Online
O00945,2025-07-10,C0093,P015,S012,3,508.08,Card,Online
O00946,2025-06-11,C0121,P016,S007,7,11704.7,Card,Online
O00947,2025-06-28,C0180,P011,S013,2,1932.14,Cash,Online
O00948,2025-12-13,C0074,P027,S003,7,8150.1,Cash,Online
O00949,2025-12-28,C0139,P011,S006,4,3864.28,Cash,Online
O00950,2025-09-25,C0045,P026,S015,6,13503.36,Cash,In-Store
O00951,2025-05-06,C0186,P015,S008,4,677.44,Card,In-Store
O00952,2025-08-22,C0131,P022,S003,5,2559.35,Transfer,In-Store
O00953,2025-03-13,C0043,P009,S008,7,10949.75,Transfer,Online
O00954,2025-07-25,C0179,P005,S001,7,7681.52,Cash,In-Store
O00955,2025-08-31,C0101,P006,S004,5,5017.45,Transfer,In-Store
O00956,2025-09-17,C0099,P002,S001,2,2398.88,Transfer,Online
O00957,2025-08-08,C0070,P012,S013,4,6773.56,Cash,In-Store
O00958,2025-05-01,C0144,P027,S006,1,1164.3,Cash,Online
O00959,2025-08-19,C0091,P029,S011,8,10810.88,Transfer,Online
O00960,2025-04-08,C0177,P021,S010,1,1727.51,Card,In-Store
O00961,2025-02-05,C0126,P025,S011,4,2485.08,Cash,In-Store
O00962,2025-05-31,C0042,P029,S010,5,6756.8,Cash,In-Store
O00963,2025-10-09,C0092,P020,S003,1,1128.42,Transfer,In-Store
O00964,2025-06-25,C0083,P006,S002,3,3010.47,Cash,In-Store
O00965,2025-02-03,C0067,P004,S005,4,3492.84,Card,Online
O00966,2025-07-12,C0139,P005,S004,7,7681.52,Card,Online
O00967,2025-04-08,C0134,P018,S001,7,3095.26,Cash,Online
O00968,2025-10-20,C0023,P013,S006,8,1898.32,Cash,Online
O00969,2025-10-19,C0186,P020,S014,6,6770.52,Transfer,Online
O00970,2025-05-29,C0135,P022,S009,3,1535.61,Cash,Online
O00971,2025-02-20,C0172,P004,S013,8,6985.68,Cash,In-Store
O00972,2025-02-12,C0152,P013,S015,8,1898.32,Card,Online
O00973,2025-11-16,C0148,P007,S003,7,3518.9,Transfer,In-Store
O00974,2025-04-23,C0056,P008,S008,8,9486.16,Card,In-Store
O00975,2025-08-05,C0195,P018,S014,4,1768.72,Transfer,Online
O00976,2025-05-14,C0157,P016,S007,7,11704.7,Card,Online
O00977,2025-07-20,C0068,P007,S013,7,3518.9,Transfer,Online
O00978,2025-03-24,C0004,P018,S002,4,1768.72,Card,In-Store
O00979,2025-02-21,C0158,P011,S012,1,966.07,Transfer,Online
O00980,2025-09-02,C0146,P002,S007,1,1199.44,Transfer,Online
O00981,2025-07-18,C0058,P007,S004,4,2010.8,Transfer,Online
O00982,2025-01-26,C0064,P019,S010,6,2895.6,Card,In-Store
O00983,2025-01-24,C0108,P016,S006,1,1672.1,Card,In-Store
O00984,2025-11-04,C0021,P019,S009,3,1447.8,Card,Online
O00985,2025-06-19,C0025,P029,S003,6,8108.16,Transfer,In-Store
O00986,2025-03-23,C0200,P010,S009,3,1950.84,Cash,Online
O00987,2025-07-17,C0022,P008,S008,5,5928.85,Card,In-Store
O00988,2025-03-12,C0169,P001,S006,3,3353.73,Cash,Online
O00989,2025-03-15,C0027,P030,S006,3,3743.64,Cash,In-Store
O00990,2025-06-18,C0029,P009,S004,6,9385.5,Card,Online
O00991,2025-11-03,C0002,P010,S005,4,2601.12,Transfer,In-Store
O00992,2025-04-17,C0021,P026,S011,5,11252.8,Card,In-Store
O00993,2025-09-21,C0161,P030,S005,8,9983.04,Card,In-Store
O00994,2025-05-24,C0166,P001,S005,5,5589.55,Transfer,Online
O00995,2025-02-26,C0040,P011,S013,8,7728.56,Transfer,In-Store
O00996,2025-01-14,C0121,P030,S008,3,3743.64,Card,Online
O00997,2025-10-13,C0153,P012,S006,5,8466.95,Cash,Online
O00998,2025-05-29,C0032,P004,S015,1,873.21,Transfer,Online
O00999,2025-03-05,C0018,P014,S006,3,1375.59,Card,Online
O01000,2025-05-18,C0180,P003,S012,7,14291.9,Cash,In-Store
